ID,Email,UserType
5,adi_ka99@example.com,User
19,megan@example.com,Volunteer
7,roni_per123@example.org,User
8,neta_go1@email.com,User
11,sarah@example.com,Volunteer
13,emily@example.com,Volunteer
27,ashley7@example.com,Contact
23,sarah3@example.com,Contact
9,liora_sh@p@example.net,User
20,daniel@example.com,Volunteer
10,michal_ro77@email.org,User
26,kevin6@example.com,Contact
32,annalevi@gmail.com,Association Manager
2,noalev_22@email.com,User
14,michael@example.com,Volunteer
3,tamar_mi88@example.net,User
22,michael2@example.com,Contact
30,megan99@example.com,Contact
15,ashley@example.com,Volunteer
29,daniel9@example.com,Contact
12,john@example.com,Volunteer
17,jessica@example.com,Volunteer
16,kevin@example.com,Volunteer
18,daniel@example.com,Volunteer
28,jessica8@example.com,Contact
24,chris4@example.com,Contact
4,shira_av55@email.org,User
21,mary1@example.com,Contact
31,leacohen@gmail.com,Association Manager
25,emily5@example.com,Contact
1,mayco123@example.com,User
6,yaellev_77@email.net,User
